Date,AAPL,GOOGL,MSFT
2020-01-02,72.79600524902344,68.18682098388672,153.63070678710938
2020-01-03,72.08828735351562,67.83010864257812,151.7177276611328
2020-01-06,72.6627197265625,69.63805389404297,152.10987854003906
2020-01-07,72.32098388671875,69.50354766845703,150.7229766845703
2020-01-08,73.4843521118164,69.99824523925781,153.12376403808594
2020-01-09,75.04521942138672,70.73308563232422,155.03671264648438
2020-01-10,75.21485900878906,71.18992614746094,154.3194122314453
2020-01-13,76.82179260253906,71.7414321899414,156.1749267578125
2020-01-14,75.78446197509766,71.27113342285156,155.07501220703125
2020-01-15,75.45967102050781,71.70008850097656,156.07928466796875
2020-01-16,76.40491485595703,72.24610900878906,158.93917846679688
2020-01-17,77.25077819824219,73.70879364013672,159.8286895751953
2020-01-21,76.72726440429688,73.84481048583984,159.25482177734375
2020-01-22,77.00114440917969,73.92550659179688,158.4896697998047
2020-01-23,77.37197875976562,73.96635437011719,159.4652557373047
2020-01-24,77.14899444580078,73.04370880126953,157.8583526611328
2020-01-27,74.88040161132812,71.32793426513672,155.21844482421875
2020-01-28,76.99872589111328,72.26304626464844,158.26010131835938
2020-01-29,78.61048889160156,72.5719223022461,160.72779846191406
2020-01-30,78.49657440185547,72.44986724853516,165.26153564453125
2020-01-31,75.01614379882812,71.38024139404297,162.8225555419922
2020-02-03,74.81015014648438,73.86223602294922,166.79193115234375
2020-02-04,77.27989959716797,72.00946044921875,172.28211975097656
2020-02-05,77.91004180908203,72.04133605957031,172.07171630859375
2020-02-06,78.82134246826172,73.53194427490234,175.63938903808594
2020-02-07,77.74995422363281,73.68836975097656,175.8881072998047
2020-02-10,78.11922454833984,75.1605453491211,180.4888153076172
2020-02-11,77.6479263305664,75.23028564453125,176.4141845703125
2020-02-12,79.49188232421875,75.65724182128906,176.67245483398438
2020-02-13,78.92581939697266,75.39618682861328,175.71595764160156
2020-02-14,78.94525909423828,75.66221618652344,177.28460693359375
2020-02-18,77.49971008300781,75.69759368896484,179.08277893066406
2020-02-19,78.62213897705078,75.96810913085938,179.619873046875
2020-02-20,77.8155517578125,75.57553100585938,176.8768310546875
2020-02-21,76.05419921875,73.90509033203125,171.28530883789062
2020-02-24,72.44157409667969,70.736572265625,163.9002685546875
2020-02-25,69.98784637451172,69.06563568115234,161.19558715820312
2020-02-26,71.09810638427734,69.27238464355469,163.20968627929688
2020-02-27,66.45053100585938,65.51001739501953,151.7100830078125
2020-02-28,66.41167449951172,66.72063446044922,155.3834686279297
2020-03-02,72.59465789794922,69.06563568115234,165.72251892089844
2020-03-03,70.28910827636719,66.6444091796875,157.78121948242188
2020-03-04,73.5494155883789,68.83049011230469,163.57415771484375
2020-03-05,71.16371154785156,65.50055694580078,159.46920776367188
2020-03-06,70.21864318847656,64.55299377441406,154.96145629882812
2020-03-09,64.6648941040039,60.56993103027344,144.45932006835938
2020-03-10,69.32217407226562,63.52820587158203,154.3380584716797
2020-03-11,66.9145736694336,60.32630920410156,147.3462677001953
2020-03-12,60.30644989013672,55.37675476074219,133.37216186523438
2020-03-13,67.53166198730469,60.494205474853516,152.33355712890625
2020-03-16,58.84391784667969,53.45621871948242,129.8810272216797
2020-03-17,61.4312858581543,55.701080322265625,140.5749969482422
2020-03-18,59.92744827270508,54.36243438720703,134.6573486328125
2020-03-19,59.46828842163086,55.38273239135742,136.8728790283203
2020-03-20,55.692901611328125,53.21758270263672,131.7321319580078
2020-03-23,54.509761810302734,52.5161247253418,130.41812133789062
2020-03-24,59.97846984863281,56.29642105102539,142.27256774902344
2020-03-25,59.64806365966797,54.882049560546875,140.91065979003906
2020-03-26,62.786922454833984,57.935977935791016,149.72476196289062
2020-03-27,60.187400817871094,55.3124885559082,143.57693481445312
2020-03-30,61.905025482177734,57.10847854614258,153.67623901367188
2020-03-31,61.77869415283203,57.88765335083008,151.2593536376953
2020-04-01,58.528079986572266,54.90596008300781,145.88839721679688
2020-04-02,59.50472640991211,55.64976501464844,148.9095458984375
2020-04-03,58.64955520629883,54.43765640258789,147.53807067871094
2020-04-06,63.76600646972656,58.94581985473633,158.51011657714844
2020-04-07,63.02744674682617,58.9144287109375,156.80294799804688
2020-04-08,64.64060974121094,60.132015228271484,158.37586975097656
2020-04-09,65.10706329345703,60.110591888427734,158.3854217529297
2020-04-13,66.38494873046875,60.30189895629883,158.7403106689453
2020-04-14,69.73759460449219,63.03300476074219,166.59530639648438
2020-04-15,69.10107421875,62.637935638427734,164.8497772216797
2020-04-16,69.65013885498047,62.6444091796875,169.7987060546875
2020-04-17,68.70509338378906,63.71901321411133,171.29490661621094
2020-04-20,67.27899169921875,62.82973861694336,167.89967346191406
2020-04-21,65.19937896728516,60.38908767700195,160.955810546875
2020-04-22,67.0773696899414,62.693233489990234,166.42269897460938
2020-04-23,66.81741333007812,63.32892608642578,164.40859985351562
2020-04-24,68.74636840820312,63.599449157714844,167.41055297851562
2020-04-27,68.79497528076172,63.313480377197266,166.9310302734375
2020-04-28,67.67985534667969,61.406898498535156,162.8644256591797
2020-04-29,69.90280151367188,66.86660766601562,170.1727294921875
2020-04-30,71.37747955322266,67.09178924560547,171.87994384765625
2020-05-01,70.22834014892578,65.62808990478516,167.4297637939453
2020-05-04,71.22200775146484,65.90608215332031,171.52508544921875
2020-05-05,72.29096984863281,67.20736694335938,173.3665313720703
2020-05-06,73.03681945800781,67.02851867675781,175.07371520996094
2020-05-07,73.79237365722656,68.21670532226562,176.0903778076172
2020-05-08,75.54875183105469,68.96699523925781,177.12619018554688
2020-05-11,76.73754119873047,69.92601013183594,179.10195922851562
2020-05-12,75.86055755615234,68.5106430053711,175.0449676513672
2020-05-13,74.94461059570312,67.17298889160156,172.39784240722656
2020-05-14,75.40504455566406,67.59795379638672,173.1459503173828
2020-05-15,74.95921325683594,68.405029296875,175.66835021972656
2020-05-18,76.7253646850586,69.00884246826172,177.34683227539062
2020-05-19,76.28201293945312,68.47178649902344,176.11917114257812
2020-05-20,77.76554107666016,70.20350646972656,178.5620574951172
2020-05-21,77.18575286865234,70.08344268798828,176.41732788085938
2020-05-22,77.68270874023438,70.40676879882812,176.49423217773438
2020-05-26,77.15653228759766,70.81179809570312,174.62840270996094
2020-05-27,77.4926986694336,70.75749969482422,174.85923767089844
2020-05-28,77.52680969238281,70.65586853027344,174.4648895263672
2020-05-29,77.45128631591797,71.41710662841797,176.24423217773438
2020-06-01,78.4037857055664,71.48435974121094,175.84024047851562
2020-06-02,78.76675415039062,71.85501861572266,177.84075927734375
2020-06-03,79.20037841796875,71.70256805419922,178.27349853515625
2020-06-04,78.51829528808594,70.4595718383789,175.92681884765625
2020-06-05,80.75455474853516,71.74092864990234,180.0431671142578
2020-06-08,81.23201751708984,72.1404800415039,181.15884399414062
2020-06-09,83.79717254638672,72.34175109863281,182.5437774658203
2020-06-10,85.95304870605469,72.97047424316406,189.3146514892578
2020-06-11,81.82642364501953,69.8418197631836,179.14874267578125
2020-06-12,82.5328598022461,70.39083099365234,180.5625
2020-06-15,83.5535659790039,70.78041076660156,181.7166748046875
2020-06-16,85.76789855957031,72.06227111816406,186.16969299316406
2020-06-17,85.64854431152344,72.36467742919922,186.81405639648438
2020-06-18,85.68267059326172,71.44700622558594,188.81454467773438
2020-06-19,85.1930160522461,70.97471618652344,187.6892547607422
2020-06-22,87.42198181152344,72.27101135253906,192.9020233154297
2020-06-23,89.2879867553711,72.93460845947266,194.19081115722656
2020-06-24,87.71188354492188,71.37625885009766,190.27639770507812
2020-06-25,88.87629699707031,71.79473876953125,192.6808319091797
2020-06-26,86.14551544189453,67.88092803955078,188.8241424560547
2020-06-29,88.1308822631836,69.60617065429688,190.85345458984375
2020-06-30,88.86653900146484,70.64640045166016,195.72964477539062
2020-07-01,88.6984634399414,71.8395767211914,196.87416076660156
2020-07-02,88.6984634399414,73.23102569580078,198.37448120117188
2020-07-06,91.0711898803711,74.71166229248047,202.6446990966797
2020-07-07,90.78857421875,74.22692108154297,200.2884521484375
2020-07-08,92.90306091308594,74.908447265625,204.69332885742188
2020-07-09,93.3025894165039,75.65872955322266,206.12640380859375
2020-07-10,93.46577453613281,76.67256164550781,205.50120544433594
2020-07-13,93.03459930419922,75.3384017944336,199.1535186767578
2020-07-14,94.57418823242188,75.7683334350586,200.3845977783203
2020-07-15,95.22459411621094,75.57005310058594,200.08645629882812
2020-07-16,94.0528793334961,75.472412109375,196.12396240234375
2020-07-17,93.86286926269531,75.56855773925781,195.12374877929688
2020-07-20,95.84093475341797,77.90957641601562,203.51036071777344
2020-07-21,94.51815795898438,77.51499938964844,200.76931762695312
2020-07-22,94.78368377685547,77.95989227294922,203.6546173095703
2020-07-23,90.46947479248047,75.56358337402344,194.79672241210938
2020-07-24,90.24535369873047,75.13812255859375,193.60414123535156
2020-07-27,92.38419342041016,76.1952896118164,196.05665588378906
2020-07-28,90.8665542602539,74.91094207763672,194.29664611816406
2020-07-29,92.60830688476562,75.90035247802734,196.25860595703125
2020-07-30,93.72888946533203,76.64067840576172,196.10472106933594
2020-07-31,103.54124450683594,74.12877655029297,197.1722869873047
2020-08-03,106.15023040771484,73.8702163696289,208.26148986816406
2020-08-04,106.85911560058594,73.39892578125,205.13571166992188
2020-08-05,107.2464370727539,73.68737030029297,204.79913330078125
2020-08-06,110.98818969726562,74.97570037841797,208.07876586914062
2020-08-07,108.46478271484375,74.64790344238281,204.356689453125
2020-08-10,110.04129791259766,74.57067108154297,200.2884521484375
2020-08-11,106.7686767578125,73.75961303710938,195.60464477539062
2020-08-12,110.31707000732422,75.08979034423828,201.19247436523438
2020-08-13,112.2694091796875,75.55859375,200.7212371826172
2020-08-14,112.16935729980469,74.95977020263672,200.91357421875
2020-08-17,111.87648010253906,75.53816986083984,202.2408447265625
2020-08-18,112.80874633789062,77.50802612304688,203.40452575683594
2020-08-19,112.9502944946289,76.95154571533203,202.1705322265625
2020-08-20,115.45661926269531,78.52782440185547,206.87527465820312
2020-08-21,121.40635681152344,78.49395751953125,205.37132263183594
2020-08-24,122.85842895507812,78.97122955322266,206.0172576904297
2020-08-25,121.85052490234375,80.00248718261719,208.6974334716797
2020-08-26,123.50758361816406,81.9095687866211,213.20936584472656
2020-08-27,122.03111267089844,81.13188934326172,218.44444274902344
2020-08-28,121.83345794677734,81.6754150390625,220.69076538085938
2020-08-31,125.96508026123047,81.18221282958984,217.43209838867188
2020-09-01,130.9826202392578,82.45509338378906,219.1096649169922
2020-09-02,128.2688446044922,85.55934143066406,223.33236694335938
2020-09-03,117.99952697753906,81.18121337890625,209.4976348876953
2020-09-04,118.07762145996094,78.77493286132812,206.55712890625
2020-09-08,110.131591796875,75.90483093261719,195.38330078125
2020-09-09,114.52438354492188,77.08206939697266,203.70338439941406
2020-09-10,110.78563690185547,76.02689361572266,197.99595642089844
2020-09-11,109.33113098144531,75.51425170898438,196.70408630371094
2020-09-14,112.61105346679688,75.16899871826172,198.03456115722656
2020-09-15,112.78679656982422,76.47875213623047,201.28353881835938
2020-09-16,109.45803833007812,75.3314208984375,197.68748474121094
2020-09-17,107.71070861816406,74.08344268798828,195.6243438720703
2020-09-18,104.2940902709961,72.29242706298828,193.19480895996094
2020-09-21,107.45687103271484,71.24872589111328,195.26760864257812
2020-09-22,109.14566802978516,72.72735595703125,199.97239685058594
2020-09-23,104.56742858886719,70.2149658203125,193.38760375976562
2020-09-24,105.64119720458984,70.88602447509766,195.89425659179688
2020-09-25,109.60446166992188,71.693115234375,200.35804748535156
2020-09-28,112.2206039428711,72.66957092285156,201.91986083984375
2020-09-29,111.3713150024414,73.03623962402344,199.818115234375
2020-09-30,113.05033111572266,73.01531982421875,202.77786254882812
2020-10-01,114.00699615478516,74.12628173828125,204.83145141601562
2020-10-02,110.32682800292969,72.51712036132812,198.7865447998047
2020-10-05,113.7238998413086,73.87369537353516,202.82608032226562
2020-10-06,110.46348571777344,72.28894805908203,198.51658630371094
2020-10-07,112.33776092529297,72.6934814453125,202.2958526611328
2020-10-08,112.2303695678711,73.90359497070312,203.0189208984375
2020-10-09,114.18269348144531,75.24971008300781,208.06112670898438
2020-10-12,121.43565368652344,77.94693756103516,213.4503936767578
2020-10-13,118.21427917480469,78.07048797607422,214.8579864501953
2020-10-14,118.30213928222656,77.88964080810547,212.9298095703125
2020-10-15,117.83358764648438,77.4925765991211,211.7729034423828
2020-10-16,116.18385314941406,78.10188293457031,211.7729034423828
2020-10-19,113.21629333496094,76.22119140625,206.5282440185547
2020-10-20,114.70984649658203,77.27387237548828,206.94276428222656
2020-10-21,114.08509063720703,79.01306915283203,207.08737182617188
2020-10-22,112.99176788330078,80.04283142089844,207.17416381835938
2020-10-23,112.2987060546875,81.35408782958984,208.46603393554688
2020-10-26,112.30845642089844,78.92837524414062,202.53689575195312
2020-10-27,113.82151794433594,79.6552505493164,205.5930633544922
2020-10-28,108.55018615722656,75.26715087890625,195.40255737304688
2020-10-29,112.57202911376953,77.56283569335938,197.3693389892578
2020-10-30,106.26595306396484,80.51362609863281,195.2001190185547
2020-11-02,106.1781005859375,80.92265319824219,195.0651397705078
2020-11-03,107.80831909179688,81.98579406738281,199.01791381835938
2020-11-04,112.21083068847656,86.97720336914062,208.62026977539062
2020-11-05,116.19361877441406,87.80669403076172,215.27255249023438
2020-11-06,116.06161499023438,87.66869354248047,215.6871337890625
2020-11-09,113.74409484863281,87.75289154052734,210.54847717285156
2020-11-10,113.40184020996094,86.57217407226562,203.43350219726562
2020-11-11,116.8438949584961,87.04595184326172,208.77455139160156
2020-11-12,116.5700912475586,86.82624816894531,207.70440673828125
2020-11-13,116.6189956665039,88.29293060302734,208.7360076904297
2020-11-16,117.63594818115234,88.38111114501953,209.43017578125
2020-11-17,116.74612426757812,87.76483917236328,206.7595977783203
2020-11-18,115.41622161865234,86.71764373779297,204.03372192382812
2020-11-19,116.0127182006836,87.61090087890625,205.3289794921875
2020-11-20,114.74151611328125,86.50540924072266,203.3667755126953
2020-11-23,111.32880401611328,86.06600189208984,203.09613037109375
2020-11-24,112.61955261230469,87.8764419555664,206.720947265625
2020-11-25,113.46051025390625,87.88789367675781,206.73062133789062
2020-11-27,114.00811767578125,89.02826690673828,208.04519653320312
2020-11-30,116.41363525390625,87.40315246582031,206.9239501953125
2020-12-01,120.00237274169922,89.44375610351562,208.99249267578125
2020-12-02,120.3543930053711,90.91890716552734,208.18051147460938
2020-12-03,120.21749114990234,90.76297760009766,207.0882568359375
2020-12-04,119.54277801513672,90.85863494873047,207.20423889160156
2020-12-07,121.0095443725586,90.52334594726562,207.13658142089844
2020-12-08,121.6256103515625,90.23937225341797,208.79916381835938
2020-12-09,119.08318328857422,88.57191467285156,204.72972106933594
2020-12-10,120.5108413696289,88.06326293945312,203.4924774169922
2020-12-11,119.69921875,88.41947174072266,206.14097595214844
2020-12-14,119.08318328857422,87.29654693603516,207.04957580566406
2020-12-15,125.04808807373047,87.73594665527344,206.98194885253906
2020-12-16,124.9796371459961,87.54215240478516,211.95999145507812
2020-12-17,125.84993743896484,86.71116638183594,212.09535217285156
2020-12-18,123.8551254272461,85.9992446899414,211.2930450439453
2020-12-21,125.39035034179688,86.41473388671875,215.15953063964844
2020-12-22,128.95948791503906,85.70033264160156,216.46444702148438
2020-12-23,128.0598907470703,86.09938049316406,213.6419219970703
2020-12-24,129.0475616455078,86.39481353759766,215.314208984375
2020-12-28,133.66299438476562,88.37762451171875,217.45040893554688
2020-12-29,131.88331604003906,87.57054901123047,216.66741943359375
2020-12-30,130.7587890625,86.49893951416016,214.27987670898438
2020-12-31,129.7515869140625,87.31548309326172,214.99520874023438
2021-01-04,126.5442123413086,85.99476623535156,210.42306518554688
2021-01-05,128.10879516601562,86.6882553100586,210.62603759765625
2021-01-06,123.79644012451172,85.83283996582031,205.16468811035156
2021-01-07,128.02078247070312,88.39656066894531,211.00306701660156
2021-01-08,129.1257781982422,89.56681823730469,212.2886505126953
2021-01-11,126.12372589111328,87.497314453125,210.22976684570312
2021-01-12,125.94774627685547,86.5577163696289,207.75521850585938
2021-01-13,127.99142456054688,87.04695129394531,209.1181182861328
2021-01-14,126.05530548095703,86.2333984375,205.90896606445312
2021-01-15,124.32447814941406,86.06898498535156,205.55133056640625
2021-01-19,124.99921417236328,88.90122985839844,209.21482849121094
2021-01-20,129.106201171875,93.66395568847656,216.85110473632812
2021-01-21,133.8389892578125,93.86721801757812,217.46006774902344
2021-01-22,135.9903106689453,94.28620147705078,218.40737915039062
2021-01-25,139.75503540039062,94.37188720703125,221.86782836914062
2021-01-26,139.9897003173828,95.05292510986328,224.57440185546875
2021-01-27,138.9140625,90.61849975585938,225.12533569335938
2021-01-28,134.05413818359375,92.3253173828125,230.95404052734375
2021-01-29,129.0377655029297,91.03797912597656,224.21678161621094
2021-02-01,131.1694793701172,94.3116226196289,231.65005493164062
2021-02-02,132.0006561279297,95.60940551757812,231.51470947265625
2021-02-03,130.97390747070312,102.57217407226562,234.88818359375
2021-02-04,134.34747314453125,102.31062316894531,233.93121337890625
2021-02-05,133.93125915527344,104.06426239013672,234.11489868164062
2021-02-08,134.07815551757812,103.84953308105469,234.37588500976562
2021-02-09,133.19679260253906,103.39469146728516,235.6324920654297
2021-02-10,132.589599609375,103.94718170166016,234.7141876220703
2021-02-11,132.3350372314453,104.06026458740234,236.3284912109375
2021-02-12,132.57000732421875,104.37313842773438,236.811767578125
2021-02-16,130.4351348876953,105.15381622314453,235.56478881835938
2021-02-17,128.1337127685547,105.54837036132812,236.591796875
2021-02-18,127.0271224975586,104.9101791381836,236.19454956054688
2021-02-19,127.18379211425781,104.06326293945312,233.46243286132812
2021-02-22,123.39385223388672,102.34199523925781,227.20367431640625
2021-02-23,123.25674438476562,102.6339340209961,226.00230407714844
2021-02-24,122.75729370117188,103.81416320800781,227.2424774169922
2021-02-25,118.48745727539062,100.43342590332031,221.85569763183594
2021-02-26,118.75187683105469,100.73033905029297,225.1400909423828
2021-03-01,125.1468276977539,103.1092300415039,229.5579833984375
2021-03-02,122.53202819824219,102.85116577148438,226.58363342285156
2021-03-03,119.53533172607422,100.20724487304688,220.47024536132812
2021-03-04,117.645263671875,101.32917785644531,219.6660614013672
2021-03-05,118.90857696533203,104.47476959228516,224.38436889648438
2021-03-08,113.95323944091797,100.01244354248047,220.3055419921875
2021-03-09,118.58539581298828,101.64952087402344,226.49644470214844
2021-03-10,117.49836730957031,101.4417724609375,225.17880249023438
2021-03-11,119.4374008178711,104.64764404296875,229.74208068847656
2021-03-12,118.52664184570312,102.12976837158203,228.4050750732422
2021-03-15,121.4254150390625,102.3509750366211,227.49432373046875
2021-03-16,122.97271728515625,103.81815338134766,230.30401611328125
2021-03-17,122.17949676513672,103.73494720458984,229.65487670898438
2021-03-18,118.0370101928711,100.70194244384766,223.53179931640625
2021-03-19,117.5081558227539,100.98193359375,223.17330932617188
2021-03-22,120.83782958984375,101.16775512695312,228.6375732421875
2021-03-23,120.00540924072266,101.69783020019531,230.17803955078125
2021-03-24,117.60607147216797,101.2594223022461,228.12411499023438
2021-03-25,118.09571838378906,101.25594329833984,225.101318359375
2021-03-26,118.70292663574219,100.87084197998047,229.1123046875
2021-03-29,118.87921142578125,101.92002868652344,227.9109649658203
2021-03-30,117.42001342773438,101.95391845703125,224.62657165527344
2021-03-31,119.62347412109375,102.75350952148438,228.4244384765625
2021-04-01,120.45589447021484,106.1043701171875,234.79946899414062
2021-04-05,123.29591369628906,110.54725646972656,241.31008911132812
2021-04-06,123.5995101928711,110.06400299072266,240.13775634765625
2021-04-07,125.25453186035156,111.54713439941406,242.1141815185547
2021-04-08,127.66365051269531,112.11507415771484,245.35986328125
2021-04-09,130.24905395507812,113.12342071533203,247.8788299560547
2021-04-12,128.5254669189453,111.82563018798828,247.93698120117188
2021-04-13,131.6494903564453,112.31434631347656,250.4365997314453
2021-04-14,129.29913330078125,111.69060516357422,247.62692260742188
2021-04-15,131.71804809570312,113.84978485107422,251.41510009765625
2021-04-16,131.3850860595703,113.72523498535156,252.61647033691406
2021-04-19,132.05099487304688,114.07447052001953,250.67880249023438
2021-04-20,130.35678100585938,113.5389175415039,250.21377563476562
2021-04-21,130.7387237548828,113.50603485107422,252.46145629882812
2021-04-22,129.2109832763672,112.21919250488281,249.15774536132812
2021-04-23,131.54176330566406,114.58113098144531,253.0137176513672
2021-04-26,131.93345642089844,115.07933044433594,253.40122985839844
2021-04-27,131.6103057861328,114.13525390625,253.8081817626953
2021-04-28,130.81704711914062,117.52596282958984,246.6290283203125
2021-04-29,130.71913146972656,119.20587158203125,244.6428985595703
2021-04-30,128.74093627929688,117.24996185302734,244.32318115234375
2021-05-03,129.798583984375,116.7308349609375,244.0131378173828
2021-05-04,125.20558166503906,114.92488861083984,240.0699462890625
2021-05-05,125.45040893554688,115.3204574584961,238.79107666015625
2021-05-06,127.05650329589844,116.44537353515625,241.94949340820312
2021-05-07,127.73340606689453,117.17173767089844,244.59445190429688
2021-05-10,124.43727111816406,114.17361450195312,239.47894287109375
2021-05-11,123.51515197753906,113.09302520751953,238.5585174560547
2021-05-12,120.43485260009766,109.6151351928711,231.55380249023438
2021-05-13,122.59302520751953,111.04944610595703,235.45828247070312
2021-05-14,125.0258560180664,113.50752258300781,240.41873168945312
2021-05-17,123.86829376220703,114.03262329101562,237.54127502441406
2021-05-18,122.47531127929688,112.71489715576172,235.5067138671875
2021-05-19,122.31835174560547,113.16476440429688,236.08932495117188
2021-05-20,124.88851928710938,114.93087005615234,239.35215759277344
2021-05-21,123.04428100585938,114.29218292236328,238.080078125
2021-05-24,124.68251037597656,117.62560272216797,243.52781677246094
2021-05-25,124.48632049560547,117.71676635742188,244.44064331054688
2021-05-26,124.43727111816406,118.58561706542969,244.2173309326172
2021-05-27,122.89713287353516,117.70730590820312,242.10031127929688
2021-05-28,122.23986053466797,117.41685485839844,242.45962524414062
2021-06-01,121.91615295410156,118.62895965576172,240.24557495117188
2021-06-02,122.68131256103516,118.10137176513672,240.14846801757812
2021-06-03,121.19022369384766,116.95503234863281,238.60443115234375
2021-06-04,123.49552917480469,119.24622344970703,243.5375518798828
2021-06-07,123.5053482055664,119.68113708496094,246.4701690673828
2021-06-08,124.32936096191406,119.48883819580078,245.2660675048828
2021-06-09,124.71192932128906,119.96212768554688,246.2565460205078
2021-06-10,123.71134948730469,121.31671905517578,249.80101013183594
2021-06-11,124.92776489257812,121.07111358642578,250.43222045898438
2021-06-14,127.99822235107422,122.00322723388672,252.3743896484375
2021-06-15,127.17422485351562,120.9809341430664,250.8885955810547
2021-06-16,127.67449188232422,120.33626556396484,249.93699645996094
2021-06-17,129.28330993652344,121.30376434326172,253.35516357421875
2021-06-18,127.97862243652344,119.67716217041016,251.92767333984375
2021-06-21,129.7836151123047,121.37251281738281,255.03517150878906
2021-06-22,131.431640625,121.88864135742188,257.831787109375
2021-06-23,131.15699768066406,121.68587493896484,257.59881591796875
2021-06-24,130.8725128173828,122.05752563476562,258.97772216796875
2021-06-25,130.57818603515625,122.06600189208984,257.35601806640625
2021-06-28,132.2164764404297,122.0934066772461,260.9490051269531
2021-06-29,133.7369384765625,121.83084869384766,263.5515441894531
2021-06-30,134.35498046875,121.64851379394531,263.06597900390625
2021-07-01,134.65908813476562,122.00224304199219,263.7457580566406
2021-07-02,137.2979278564453,124.8050765991211,269.6208190917969
2021-07-06,139.3187255859375,125.73421478271484,269.6304626464844
2021-07-07,141.82020568847656,126.01717376708984,271.8348693847656
2021-07-08,140.5155029296875,124.59234619140625,269.3974914550781
2021-07-09,142.3499298095703,125.06512451171875,269.90240478515625
2021-07-12,141.7515869140625,126.5168685913086,269.30035400390625
2021-07-13,142.869873046875,126.88154602050781,272.8545227050781
2021-07-14,146.31314086914062,127.7738037109375,274.34027099609375
2021-07-15,145.6558380126953,126.54624938964844,272.9030456542969
2021-07-16,143.60562133789062,126.51139068603516,272.63116455078125
2021-07-19,139.7405242919922,124.1280288696289,268.999267578125
2021-07-20,143.37017822265625,125.7536392211914,271.2425231933594
2021-07-21,142.6344451904297,127.08830261230469,273.2623291015625
2021-07-22,144.0078125,127.95763397216797,277.86529541015625
2021-07-23,145.73434448242188,132.5345458984375,281.29315185546875
2021-07-26,146.15614318847656,133.55087280273438,280.6911315917969
2021-07-27,143.97837829589844,131.42356872558594,278.2536926269531
2021-07-28,142.22244262695312,135.60243225097656,277.94305419921875
2021-07-29,142.869873046875,135.28707885742188,278.21484375
2021-07-30,143.08570861816406,134.2398681640625,276.6708679199219
2021-08-02,142.75218200683594,134.36741638183594,276.58349609375
2021-08-03,144.55715942382812,135.14012145996094,278.8169250488281
2021-08-04,144.1549530029297,134.63743591308594,278.22454833984375
2021-08-05,144.26287841796875,135.7593536376953,281.14752197265625
2021-08-06,143.57516479492188,135.24819946289062,281.08929443359375
2021-08-09,143.5260009765625,136.41847229003906,279.9919128417969
2021-08-10,143.0446319580078,136.3128662109375,278.1565856933594
2021-08-11,143.30007934570312,135.78677368164062,278.6518249511719
2021-08-12,146.27688598632812,136.69845581054688,281.4291076660156
2021-08-13,146.4832000732422,137.2300262451172,284.38128662109375
2021-08-16,148.46774291992188,137.8099365234375,286.08056640625
2021-08-17,147.5540771484375,136.16787719726562,284.6045837402344
2021-08-18,143.79132080078125,134.95977783203125,282.86297607421875
2021-08-19,144.1253204345703,135.18991088867188,288.73956298828125
2021-08-20,145.58917236328125,136.93312072753906,296.1241455078125
2021-08-23,147.08251953125,139.5356903076172,296.4063720703125
2021-08-24,146.99404907226562,140.7512664794922,294.4312744140625
2021-08-25,145.75619506835938,141.56581115722656,293.8377685546875
2021-08-26,144.95059204101562,140.92962646484375,290.9967956542969
2021-08-27,145.99197387695312,143.48385620117188,291.6097717285156
2021-08-30,150.43264770507812,144.0682373046875,295.37506103515625
2021-08-31,149.165283203125,144.17483520507812,293.7112731933594
2021-09-01,149.83335876464844,144.69097900390625,293.6626892089844
2021-09-02,150.95335388183594,142.76943969726562,293.00103759765625
2021-09-03,151.59194946289062,143.22030639648438,292.9913635253906
2021-09-07,153.94004821777344,143.75936889648438,292.05731201171875
2021-09-08,152.3877410888672,143.17198181152344,292.08648681640625
2021-09-09,151.36599731445312,143.02252197265625,289.2065734863281
2021-09-10,146.35552978515625,140.36715698242188,287.70819091796875
2021-09-13,146.92532348632812,141.8184051513672,288.9535827636719
2021-09-14,145.52037048339844,142.02963256835938,291.6778869628906
2021-09-15,146.4144287109375,143.90782165527344,296.57177734375
2021-09-16,146.1786346435547,143.09127807617188,296.9609375
2021-09-17,143.49656677246094,140.29144287109375,291.755615234375
2021-09-20,140.4313201904297,138.21844482421875,286.33636474609375
2021-09-21,140.91273498535156,138.53082275390625,286.8228759765625
2021-09-22,143.29025268554688,139.77679443359375,290.50054931640625
2021-09-23,144.25306701660156,140.7059326171875,291.4540710449219
2021-09-24,144.3414764404297,141.70132446289062,291.249755859375
2021-09-27,142.81869506835938,140.5624542236328,286.2099609375
2021-09-28,139.41940307617188,135.33938598632812,275.8481140136719
2021-09-29,140.32327270507812,133.8682098388672,276.3151550292969
2021-09-30,139.01658630371094,133.1931610107422,274.2913818359375
2021-10-01,140.14637756347656,136.0498046875,281.2770690917969
2021-10-04,136.69796752929688,133.17672729492188,275.44921875
2021-10-05,138.63343811035156,135.53167724609375,280.9463195800781
2021-10-06,139.5078125,137.068115234375,285.17864990234375
2021-10-07,140.77516174316406,138.7221221923828,286.8715515136719
2021-10-08,140.39202880859375,139.28060913085938,286.8715515136719
2021-10-11,140.30360412597656,138.4122314453125,286.268310546875
2021-10-12,139.02639770507812,135.95614624023438,284.9549255371094
2021-10-13,138.43698120117188,137.08505249023438,288.2920227050781
2021-10-14,141.2369384765625,140.6411590576172,294.5577392578125
2021-10-15,142.29798889160156,140.8573760986328,295.9782409667969
2021-10-18,143.9779510498047,142.2622833251953,298.9749755859375
2021-10-19,146.149169921875,142.71963500976562,299.88946533203125
2021-10-20,146.64039611816406,141.25692749023438,299.0917053222656
2021-10-21,146.8565216064453,141.37350463867188,302.35101318359375
2021-10-22,146.0803985595703,137.06961059570312,300.7943420410156
2021-10-25,146.0312957763672,136.95054626464844,299.79217529296875
2021-10-26,146.69935607910156,138.80532836914062,301.7185363769531
2021-10-27,146.23760986328125,145.68934631347656,314.42523193359375
2021-10-28,149.89231872558594,145.3221893310547,315.57330322265625
2021-10-29,147.17092895507812,147.51126098632812,322.6465148925781
2021-11-01,146.34571838378906,142.9786834716797,320.4574279785156
2021-11-02,147.3870849609375,144.9071807861328,324.1156921386719
2021-11-03,148.83126831054688,146.06849670410156,324.9621887207031
2021-11-04,148.31057739257812,147.73196411132812,327.3361511230469
2021-11-05,148.84185791015625,148.31436157226562,326.96636962890625
2021-11-08,148.01541137695312,148.49270629882812,327.8711853027344
2021-11-09,148.37942504882812,148.380615234375,326.859375
2021-11-10,145.5360107421875,145.36654663085938,321.8487854003906
2021-11-11,145.48681640625,145.239990234375,323.43463134765625
2021-11-12,147.5726318359375,148.14097595214844,327.6085510253906
2021-11-15,147.5824737548828,147.91580200195312,326.9761657714844
2021-11-16,148.56639099121094,147.34188842773438,330.3231201171875
2021-11-17,151.01625061035156,147.5122528076172,330.5472412109375
2021-11-18,155.32568359375,149.29730224609375,332.6429138183594
2021-11-19,157.9624481201172,148.38858032226562,334.4363098144531
2021-11-22,158.42489624023438,145.7735595703125,331.23931884765625
2021-11-23,158.80857849121094,145.25543212890625,329.14361572265625
2021-11-24,159.33006286621094,145.59222412109375,329.3677978515625
2021-11-26,154.28273010253906,141.66943359375,321.3458251953125
2021-11-29,157.65745544433594,145.00485229492188,328.1201477050781
2021-11-30,162.63589477539062,141.38497924804688,322.2328796386719
2021-12-01,162.1144561767578,140.54202270507812,321.73583984375
2021-12-02,161.12069702148438,142.44960021972656,321.1606750488281
2021-12-03,159.23165893554688,141.4886016845703,314.844482421875
2021-12-06,162.65557861328125,142.63792419433594,317.944091796875
2021-12-07,168.421142578125,146.737548828125,326.45343017578125
2021-12-08,172.2582550048828,147.65126037597656,326.5021667480469
2021-12-09,171.74664306640625,147.10523986816406,324.679443359375
2021-12-10,176.55783081054688,147.4669189453125,333.8807678222656
2021-12-13,172.9076690673828,145.29978942871094,330.8201599121094
2021-12-14,171.52037048339844,143.38722229003906,320.0397644042969
2021-12-15,176.41029357910156,145.91204833984375,326.1902160644531
2021-12-16,169.48370361328125,143.9232635498047,316.68670654296875
2021-12-17,168.3817901611328,141.21310424804688,315.61456298828125
2021-12-20,167.01419067382812,141.0955047607422,311.82281494140625
2021-12-21,170.20199584960938,142.9542694091797,319.01629638671875
2021-12-22,172.80926513671875,145.88613891601562,324.7768859863281
2021-12-23,173.43894958496094,146.38584899902344,326.2292175292969
2021-12-27,177.42367553710938,147.3722686767578,333.7930908203125
2021-12-28,176.4004364013672,146.15716552734375,332.6234130859375
2021-12-29,176.48898315429688,146.1252899169922,333.3056335449219
2021-12-30,175.32801818847656,145.6724395751953,330.7422180175781
2021-12-31,174.70814514160156,144.3288116455078,327.8180236816406
2022-01-03,179.07659912109375,144.46778869628906,326.28765869140625
2022-01-04,176.80381774902344,143.87794494628906,320.6927795410156
2022-01-05,172.10086059570312,137.27735900878906,308.3821105957031
2022-01-06,169.2279510498047,137.2499542236328,305.9453430175781
2022-01-07,169.39520263671875,136.52210998535156,306.10125732421875
2022-01-10,169.4148406982422,138.1686248779297,306.32537841796875
2022-01-11,172.2582550048828,139.2312774658203,307.0174865722656
2022-01-12,172.7010498046875,140.91964721679688,310.2243347167969
2022-01-13,169.4148406982422,138.08644104003906,297.0948486328125
2022-01-14,170.28067016601562,138.97669982910156,302.3583068847656
2022-01-18,167.06336975097656,135.50677490234375,294.9991455078125
2022-01-19,163.5509033203125,134.62844848632812,295.6620178222656
2022-01-20,161.8585968017578,132.82598876953125,293.9757385253906
2022-01-21,159.79249572753906,129.88067626953125,288.5465087890625
2022-01-24,159.0152130126953,130.33154296875,288.8779296875
2022-01-25,157.2048797607422,126.47650909423828,281.1971130371094
2022-01-26,157.11630249023438,128.76620483398438,289.20928955078125
2022-01-27,156.65390014648438,128.53904724121094,292.26019287109375
2022-01-28,167.58480834960938,132.8693389892578,300.4673767089844
2022-01-31,171.96310424804688,134.8147735595703,303.11859130859375
2022-02-01,171.79583740234375,137.14682006835938,300.9547119140625
2022-02-02,173.00604248046875,147.46543884277344,305.5359191894531
2022-02-03,170.11338806152344,142.57315063476562,293.63458251953125
2022-02-04,169.82774353027344,142.7754364013672,298.20599365234375
2022-02-07,169.10858154296875,138.69821166992188,293.3421936035156
2022-02-08,172.23147583007812,138.89549255371094,296.8608703613281
2022-02-09,173.659912109375,141.08056640625,303.3428039550781
2022-02-10,169.56173706054688,138.1193084716797,294.7359924316406
2022-02-11,166.13348388671875,133.7974853515625,287.5815734863281
2022-02-14,166.36993408203125,135.03648376464844,287.5425720214844
2022-02-15,170.22178649902344,136.11508178710938,292.87432861328125
2022-02-16,169.98536682128906,137.24049377441406,292.5325012207031
2022-02-17,166.36993408203125,132.06027221679688,283.96649169921875
2022-02-18,164.81338500976562,129.93199157714844,281.23162841796875
2022-02-22,161.87770080566406,129.34461975097656,281.0264892578125
2022-02-23,157.6908416748047,127.12715148925781,273.7497863769531
2022-02-24,160.32118225097656,132.21170043945312,287.7366638183594
2022-02-25,162.39981079101562,133.9738311767578,290.39337158203125
2022-02-28,162.665771484375,134.56918334960938,291.8389892578125
2022-03-01,160.77432250976562,133.5772705078125,288.0882873535156
2022-03-02,164.08436584472656,134.08543395996094,293.20635986328125
2022-03-03,163.75929260253906,133.41586303710938,289.0357666015625
2022-03-04,160.74476623535156,131.43003845214844,283.1166076660156
2022-03-07,156.93228149414062,125.9220199584961,272.42144775390625
2022-03-08,155.09991455078125,126.64539337158203,269.4326171875
2022-03-09,160.52804565429688,132.93807983398438,281.7882995605469
2022-03-10,156.16390991210938,131.951171875,278.9460754394531
2022-03-11,152.43020629882812,129.4014129638672,273.5544128417969
2022-03-14,148.3813018798828,125.49606323242188,270.0088806152344
2022-03-15,152.78485107421875,128.73133850097656,280.4697570800781
2022-03-16,157.2179718017578,132.79908752441406,287.5413818359375
2022-03-17,158.23268127441406,133.35557556152344,288.3520202636719
2022-03-18,161.54270935058594,135.63381958007812,293.4408264160156
2022-03-21,162.92193603515625,135.6099090576172,292.20037841796875
2022-03-22,166.31082153320312,139.36280822753906,296.986328125
2022-03-23,167.68014526367188,137.7760467529297,292.5226135253906
2022-03-24,171.4827423095703,141.06065368652344,297.02545166015625
2022-03-25,172.12310791015625,141.16127014160156,296.6152038574219
2022-03-28,172.9900360107422,140.944580078125,303.471923828125
2022-03-29,176.30007934570312,141.9907684326172,308.0722961425781
2022-03-30,175.1277618408203,141.4258270263672,306.55828857421875
2022-03-31,172.01473999023438,138.56520080566406,301.13751220703125
2022-04-01,171.7191925048828,139.64427185058594,302.2216796875
2022-04-04,175.78781127929688,142.45509338378906,307.6425476074219
2022-04-05,172.45803833007812,140.08319091796875,303.647705078125
2022-04-06,169.2760467529297,136.05479431152344,292.5325012207031
2022-04-07,169.5814666748047,135.39767456054688,294.35894775390625
2022-04-08,167.56190490722656,132.8060760498047,290.061279296875
2022-04-11,163.28640747070312,128.3582000732422,278.6237487792969
2022-04-12,165.1680450439453,127.2531967163086,275.4981689453125
2022-04-13,167.8673095703125,129.42481994628906,280.9288635253906
2022-04-14,162.833251953125,126.27226257324219,273.3200378417969
2022-04-18,162.61656188964844,127.21533966064453,273.99395751953125
2022-04-19,164.91189575195312,129.53941345214844,278.66278076171875
2022-04-20,164.74441528320312,127.5775146484375,279.6981506347656
2022-04-21,163.9464874267578,124.3636703491211,274.2771911621094
2022-04-22,159.38528442382812,119.203369140625,267.6549987792969
2022-04-25,160.45909118652344,122.62945556640625,274.18939208984375
2022-04-26,154.46946716308594,118.221435546875,263.93359375
2022-04-27,154.24288940429688,113.88166809082031,276.6311950683594
2022-04-28,161.20779418945312,118.09439086914062,282.89208984375
2022-04-29,155.3068084716797,113.69733428955078,271.0638122558594
2022-05-02,155.61221313476562,116.16190338134766,277.85211181640625
2022-05-03,157.10960388183594,116.91018676757812,275.22467041015625
2022-05-04,163.5524139404297,121.81938934326172,283.23394775390625
2022-05-05,154.4398956298828,116.08468627929688,270.8977355957031
2022-05-06,155.1699676513672,115.32842254638672,268.33868408203125
2022-05-09,150.02000427246094,112.1046142578125,258.4248046875
2022-05-10,152.43711853027344,113.98180389404297,263.23040771484375
2022-05-11,144.5345916748047,113.19216918945312,254.4885711669922
2022-05-12,140.6474151611328,112.43640899658203,249.40956115722656
2022-05-13,145.1363983154297,115.6313247680664,255.04527282714844
2022-05-16,143.5874481201172,114.03162384033203,255.41650390625
2022-05-17,147.23782348632812,116.05230712890625,260.6127014160156
2022-05-18,138.93080139160156,111.49531555175781,248.74710083007812
2022-05-19,135.5073699951172,109.98529815673828,247.8268280029297
2022-05-20,135.74412536621094,108.5146255493164,247.25900268554688
2022-05-23,141.1901092529297,111.0853042602539,255.17921447753906
2022-05-24,138.47695922851562,105.58724212646484,254.17083740234375
2022-05-25,138.63482666015625,105.4228286743164,257.00994873046875
2022-05-26,141.85105895996094,107.40316009521484,260.3189392089844
2022-05-27,147.6324462890625,111.91081237792969,267.5049133300781
2022-05-31,146.8432159423828,113.35108947753906,266.1637268066406
2022-06-01,146.71493530273438,113.48062133789062,266.7021484375
2022-06-02,149.18141174316406,117.19764709472656,268.81683349609375
2022-06-03,143.42962646484375,114.12727355957031,264.35247802734375
2022-06-06,144.17941284179688,116.39854431152344,263.10919189453125
2022-06-07,146.71493530273438,116.72635650634766,266.780517578125
2022-06-08,145.9750213623047,116.77069854736328,264.7343444824219
2022-06-09,140.7263641357422,114.42071533203125,259.23236083984375
2022-06-10,135.290283203125,110.7599868774414,247.6799774169922
2022-06-13,130.1107177734375,106.00820922851562,237.17523193359375
2022-06-14,130.9789276123047,106.33004760742188,239.35841369628906
2022-06-15,133.6130828857422,109.36803436279297,246.4757843017578
2022-06-16,128.31512451171875,105.6505126953125,239.8283233642578
2022-06-17,129.79502868652344,106.7564926147461,242.4520721435547
2022-06-21,134.04718017578125,111.14110565185547,248.4142608642578
2022-06-22,133.5341796875,111.08480834960938,247.8170623779297
2022-06-23,136.41502380371094,111.83657836914062,253.42677307128906
2022-06-24,139.75955200195312,117.54887390136719,262.08123779296875
2022-06-27,139.75955200195312,115.41511535644531,259.3302307128906
2022-06-28,135.5961456298828,111.6029281616211,251.09674072265625
2022-06-29,137.36215209960938,111.29803466796875,254.79739379882812
2022-06-30,134.88580322265625,108.56941986083984,251.4394073486328
2022-07-01,137.06613159179688,108.34474182128906,254.13165283203125
2022-07-05,139.66085815429688,112.85389709472656,257.3330383300781
2022-07-06,141.0026092529297,114.15816497802734,260.6225280761719
2022-07-07,144.3865966796875,118.35395050048828,262.76654052734375
2022-07-08,145.06735229492188,118.92239379882812,262.0420837402344
2022-07-11,142.92645263671875,115.25868225097656,258.9581604003906
2022-07-12,143.90316772460938,113.6086654663086,248.34567260742188
2022-07-13,143.53814697265625,110.9512939453125,247.41561889648438
2022-07-14,146.47816467285156,109.96885681152344,248.74710083007812
2022-07-15,148.15533447265625,111.3737564086914,251.3316650390625
2022-07-18,145.09695434570312,108.63617706298828,248.9135284423828
2022-07-19,148.97421264648438,113.39891815185547,254.08273315429688
2022-07-20,150.98684692382812,113.48859405517578,256.7651672363281
2022-07-21,153.26585388183594,113.927001953125,259.2812805175781
2022-07-22,152.02273559570312,107.51026916503906,254.89524841308594
2022-07-25,150.89805603027344,107.12167358398438,253.3973846435547
2022-07-26,149.566162109375,104.64066314697266,246.61285400390625
2022-07-27,154.68653869628906,112.65162658691406,263.0993957519531
2022-07-28,155.23902893066406,113.80744171142578,270.6083984375
2022-07-29,160.32980346679688,115.89985656738281,274.8475036621094
2022-08-01,159.34320068359375,114.44512939453125,272.1747741699219
2022-08-02,157.86334228515625,114.71414947509766,269.0518493652344
2022-08-03,163.90122985839844,117.65349578857422,276.54119873046875
2022-08-04,163.5855255126953,117.76309967041016,277.6964416503906
2022-08-05,163.35829162597656,117.04570007324219,276.97198486328125
2022-08-08,162.88406372070312,116.8763198852539,274.4363708496094
2022-08-09,162.93348693847656,116.20872497558594,276.3747863769531
2022-08-10,167.20143127441406,119.26763916015625,283.0908203125
2022-08-11,166.46051025390625,118.4107437133789,280.9957275390625
2022-08-12,170.02699279785156,121.24049377441406,285.7831115722656
2022-08-15,171.10386657714844,121.63905334472656,287.31036376953125
2022-08-16,170.94578552246094,121.26042175292969,286.5662841796875
2022-08-17,172.44747924804688,119.1181869506836,285.81085205078125
2022-08-18,172.05230712890625,119.73594665527344,284.6826171875
2022-08-19,169.4539794921875,116.78663635253906,280.7386474609375
2022-08-22,165.55157470703125,113.82736206054688,272.4974670410156
2022-08-23,165.21566772460938,113.44873809814453,271.2122497558594
2022-08-24,165.51202392578125,113.27935791015625,270.5745849609375
2022-08-25,167.98191833496094,116.2286605834961,273.5766296386719
2022-08-26,161.6491241455078,109.94145202636719,263.0201416015625
2022-08-29,159.4361114501953,109.0247802734375,260.2142333984375
2022-08-30,156.99588012695312,108.54651641845703,257.9969787597656
2022-08-31,155.32623291015625,107.82911682128906,256.5252990722656
2022-09-01,156.05731201171875,109.34362030029297,255.4755859375
2022-09-02,153.93319702148438,107.46044158935547,251.21763610839844
2022-09-06,152.66860961914062,106.4241943359375,248.4607696533203
2022-09-07,154.08140563964844,109.0546646118164,253.20928955078125
2022-09-08,152.59950256347656,107.98853302001953,253.63113403320312
2022-09-09,155.47442626953125,110.25033569335938,259.45880126953125
2022-09-12,161.46141052246094,110.4595718383789,261.6073913574219
2022-09-13,151.98692321777344,103.94319915771484,247.224609375
2022-09-14,153.43923950195312,104.62074279785156,247.45025634765625
2022-09-15,150.53460693359375,102.53829956054688,240.7396240234375
2022-09-16,148.884765625,102.4286880493164,240.11172485351562
2022-09-19,152.61920166015625,102.69771575927734,239.8958740234375
2022-09-20,155.0100555419922,100.7746810913086,237.86502075195312
2022-09-21,151.86839294433594,98.92139434814453,234.4311981201172
2022-09-22,150.9002227783203,99.77828979492188,236.42282104492188
2022-09-23,148.61802673339844,98.38335418701172,233.4207000732422
2022-09-26,148.95391845703125,97.8154067993164,232.95957946777344
2022-09-27,149.93199157714844,97.1478271484375,231.93923950195312
2022-09-28,148.0351104736328,99.68862915039062,236.51113891601562
2022-09-29,140.7637939453125,97.068115234375,233.00865173339844
2022-09-30,136.5353240966797,95.30451202392578,228.49562072753906
2022-10-03,140.73411560058594,98.2837142944336,236.1873779296875
2022-10-04,144.34017944335938,101.27287292480469,244.17343139648438
2022-10-05,144.63653564453125,101.06363677978516,244.4873809814453
2022-10-06,143.67823791503906,101.05366516113281,242.1229248046875
2022-10-07,138.40255737304688,98.32357025146484,229.810302734375
2022-10-10,138.72857666015625,97.50653076171875,224.91465759277344
2022-10-11,137.30593872070312,96.82898712158203,221.14727783203125
2022-10-12,136.67364501953125,97.20761108398438,221.48085021972656
2022-10-13,141.26763916015625,98.70219421386719,229.810302734375
2022-10-14,136.71316528320312,96.21121978759766,224.23770141601562
2022-10-17,140.69464111328125,99.6089096069336,233.0380859375
2022-10-18,142.0184783935547,100.40602111816406,233.98973083496094
2022-10-19,142.1271514892578,99.27013397216797,232.00791931152344
2022-10-20,141.66278076171875,99.6089096069336,231.68414306640625
2022-10-21,145.49607849121094,100.76471710205078,237.541259765625
2022-10-24,147.64981079101562,102.14969635009766,242.5742645263672
2022-10-25,150.50503540039062,104.10262298583984,245.91976928710938
2022-10-26,147.55101013183594,94.58711242675781,226.9454803466797
2022-10-27,143.0558319091797,91.88690185546875,222.4619140625
2022-10-28,153.8640594482422,95.94219970703125,231.4094696044922
2022-10-31,151.49295043945312,94.16863250732422,227.7401885986328
2022-11-01,148.83535766601562,90.14322662353516,223.85508728027344
2022-11-02,143.28305053710938,86.6558609008789,215.93768310546875
2022-11-03,137.20713806152344,83.12865447998047,210.19830322265625
2022-11-04,136.93994140625,86.26728057861328,217.20326232910156
2022-11-07,137.47430419921875,88.17037200927734,223.5607452392578
2022-11-08,138.0482940673828,88.57889556884766,224.5418701171875
2022-11-09,133.46644592285156,87.00460815429688,220.26429748535156
2022-11-10,145.34158325195312,93.60069274902344,238.38499450683594
2022-11-11,148.1421356201172,96.061767578125,242.4368896484375
2022-11-14,146.73692321777344,95.35433197021484,236.9820556640625
2022-11-15,148.47862243652344,98.08444213867188,237.3941192626953
2022-11-16,147.2416229248047,98.49295806884766,237.82699584960938
2022-11-17,149.15151977539062,98.00472259521484,237.77780151367188
2022-11-18,149.71559143066406,97.07808685302734,237.32521057128906
2022-11-21,146.46974182128906,95.25469970703125,238.14183044433594
2022-11-22,148.61715698242188,96.69945526123047,241.07373046875
2022-11-23,149.49790954589844,98.10436248779297,243.58253479003906
2022-11-25,146.56869506835938,97.10797119140625,243.49398803710938
2022-11-28,142.7191619873047,95.70307159423828,237.85650634765625
2022-11-29,139.70091247558594,94.84617614746094,236.44961547851562
2022-11-30,146.48951721191406,100.62522888183594,251.0204620361328
2022-12-01,146.7666015625,100.62522888183594,250.57774353027344
2022-12-02,146.2718048095703,100.07720947265625,250.90240478515625
2022-12-05,145.1041259765625,99.12067413330078,246.1602325439453
2022-12-06,141.42279052734375,96.62971496582031,241.16224670410156
2022-12-07,139.47329711914062,94.59708404541016,240.42437744140625
2022-12-08,141.16551208496094,93.37151336669922,243.4054412841797
2022-12-09,140.6806182861328,92.49470520019531,241.45741271972656
2022-12-12,142.98635864257812,92.97296142578125,248.4329376220703
2022-12-13,143.95616149902344,95.28458404541016,252.771728515625
2022-12-14,141.71969604492188,94.72660827636719,253.06689453125
2022-12-15,135.0795135498047,90.53181457519531,244.9894561767578
2022-12-16,133.11021423339844,89.9339828491211,240.7392120361328
2022-12-19,130.9924774169922,88.12055969238281,236.5676727294922
2022-12-20,130.92323303222656,88.69845581054688,237.89588928222656
2022-12-21,134.0404510498047,89.25643920898438,240.4833984375
2022-12-22,130.85394287109375,87.44300842285156,234.34417724609375
2022-12-23,130.48779296875,88.90770721435547,234.8754425048828
2022-12-27,128.67684936523438,87.07434844970703,233.13400268554688
2022-12-28,124.72836303710938,85.70929718017578,230.74325561523438
2022-12-29,128.26121520996094,88.1305160522461,237.11862182617188
2022-12-30,128.577880859375,87.91131591796875,235.94784545898438
